SignDescription,X_2011NAD83,Y_2011NAD83,MERGE_SRC,Z
D1-1 / JUANITA DR NE,1209626.747385561466217,889190.496013730764389,Mach9_SignFace,44.337100000004284
